driver_id,current_zone,status,seed,scenario
DRV_000,Z4,idle,8,cricket
DRV_001,Z10,idle,8,cricket
DRV_002,Z4,idle,8,cricket
DRV_003,Z8,idle,8,cricket
DRV_004,Z9,idle,8,cricket
DRV_005,Z4,idle,8,cricket
DRV_006,Z5,idle,8,cricket
DRV_007,Z4,idle,8,cricket
DRV_008,Z2,idle,8,cricket
DRV_009,Z5,idle,8,cricket
DRV_010,Z3,idle,8,cricket
DRV_011,Z3,idle,8,cricket
DRV_012,Z2,idle,8,cricket
DRV_013,Z2,idle,8,cricket
DRV_014,Z9,idle,8,cricket
DRV_015,Z5,idle,8,cricket
DRV_016,Z3,idle,8,cricket
DRV_017,Z6,idle,8,cricket
DRV_018,Z7,idle,8,cricket
DRV_019,Z7,idle,8,cricket
DRV_020,Z10,idle,8,cricket
DRV_021,Z2,idle,8,cricket
DRV_022,Z4,idle,8,cricket
DRV_023,Z3,idle,8,cricket
DRV_024,Z1,idle,8,cricket
DRV_025,Z2,idle,8,cricket
DRV_026,Z4,idle,8,cricket
DRV_027,Z4,idle,8,cricket
DRV_028,Z7,idle,8,cricket
DRV_029,Z5,idle,8,cricket
DRV_030,Z7,idle,8,cricket
DRV_031,Z3,idle,8,cricket
DRV_032,Z2,idle,8,cricket
DRV_033,Z4,idle,8,cricket
DRV_034,Z1,idle,8,cricket
DRV_035,Z4,idle,8,cricket
DRV_036,Z5,idle,8,cricket
DRV_037,Z8,idle,8,cricket
DRV_038,Z9,idle,8,cricket
DRV_039,Z1,idle,8,cricket
DRV_040,Z10,idle,8,cricket
DRV_041,Z8,idle,8,cricket
DRV_042,Z10,idle,8,cricket
DRV_043,Z2,idle,8,cricket
DRV_044,Z4,idle,8,cricket
DRV_045,Z6,idle,8,cricket
DRV_046,Z8,idle,8,cricket
DRV_047,Z4,idle,8,cricket
DRV_048,Z5,idle,8,cricket
DRV_049,Z3,idle,8,cricket
DRV_050,Z5,idle,8,cricket
DRV_051,Z6,idle,8,cricket
DRV_052,Z6,idle,8,cricket
DRV_053,Z8,idle,8,cricket
DRV_054,Z3,idle,8,cricket
DRV_055,Z7,idle,8,cricket
DRV_056,Z1,idle,8,cricket
DRV_057,Z7,idle,8,cricket
DRV_058,Z5,idle,8,cricket
DRV_059,Z2,idle,8,cricket
DRV_060,Z3,idle,8,cricket
DRV_061,Z1,idle,8,cricket
DRV_062,Z4,idle,8,cricket
DRV_063,Z5,idle,8,cricket
DRV_064,Z5,idle,8,cricket
DRV_065,Z1,idle,8,cricket
DRV_066,Z8,idle,8,cricket
DRV_067,Z4,idle,8,cricket
DRV_068,Z3,idle,8,cricket
DRV_069,Z9,idle,8,cricket
DRV_070,Z7,idle,8,cricket
DRV_071,Z7,idle,8,cricket
DRV_072,Z6,idle,8,cricket
DRV_073,Z3,idle,8,cricket
DRV_074,Z2,idle,8,cricket
DRV_075,Z2,idle,8,cricket
DRV_076,Z4,idle,8,cricket
DRV_077,Z2,idle,8,cricket
DRV_078,Z5,idle,8,cricket
DRV_079,Z10,idle,8,cricket
DRV_080,Z8,idle,8,cricket
DRV_081,Z4,idle,8,cricket
DRV_082,Z4,idle,8,cricket
DRV_083,Z8,idle,8,cricket
DRV_084,Z10,idle,8,cricket
DRV_085,Z7,idle,8,cricket
DRV_086,Z3,idle,8,cricket
DRV_087,Z5,idle,8,cricket
DRV_088,Z2,idle,8,cricket
DRV_089,Z5,idle,8,cricket
DRV_090,Z9,idle,8,cricket
DRV_091,Z3,idle,8,cricket
DRV_092,Z5,idle,8,cricket
DRV_093,Z7,idle,8,cricket
DRV_094,Z10,idle,8,cricket
DRV_095,Z7,idle,8,cricket
DRV_096,Z5,idle,8,cricket
DRV_097,Z7,idle,8,cricket
DRV_098,Z3,idle,8,cricket
DRV_099,Z1,idle,8,cricket
DRV_100,Z9,idle,8,cricket
DRV_101,Z5,idle,8,cricket
DRV_102,Z10,idle,8,cricket
DRV_103,Z2,idle,8,cricket
DRV_104,Z1,idle,8,cricket
DRV_105,Z6,idle,8,cricket
DRV_106,Z8,idle,8,cricket
DRV_107,Z10,idle,8,cricket
DRV_108,Z7,idle,8,cricket
DRV_109,Z1,idle,8,cricket
DRV_110,Z6,idle,8,cricket
DRV_111,Z4,idle,8,cricket
DRV_112,Z2,idle,8,cricket
DRV_113,Z9,idle,8,cricket
DRV_114,Z8,idle,8,cricket
DRV_115,Z9,idle,8,cricket
DRV_116,Z7,idle,8,cricket
DRV_117,Z7,idle,8,cricket
DRV_118,Z7,idle,8,cricket
DRV_119,Z3,idle,8,cricket
DRV_120,Z6,idle,8,cricket
DRV_121,Z9,idle,8,cricket
DRV_122,Z4,idle,8,cricket
DRV_123,Z2,idle,8,cricket
DRV_124,Z1,idle,8,cricket
DRV_125,Z1,idle,8,cricket
DRV_126,Z5,idle,8,cricket
DRV_127,Z1,idle,8,cricket
DRV_128,Z7,idle,8,cricket
DRV_129,Z8,idle,8,cricket
DRV_130,Z10,idle,8,cricket
DRV_131,Z8,idle,8,cricket
DRV_132,Z5,idle,8,cricket
DRV_133,Z8,idle,8,cricket
DRV_134,Z8,idle,8,cricket
DRV_135,Z1,idle,8,cricket
DRV_136,Z1,idle,8,cricket
DRV_137,Z2,idle,8,cricket
DRV_138,Z10,idle,8,cricket
DRV_139,Z4,idle,8,cricket
DRV_140,Z9,idle,8,cricket
DRV_141,Z4,idle,8,cricket
DRV_142,Z7,idle,8,cricket
DRV_143,Z4,idle,8,cricket
DRV_144,Z9,idle,8,cricket
DRV_145,Z6,idle,8,cricket
DRV_146,Z10,idle,8,cricket
DRV_147,Z9,idle,8,cricket
DRV_148,Z10,idle,8,cricket
DRV_149,Z4,idle,8,cricket
DRV_150,Z3,idle,8,cricket
DRV_151,Z7,idle,8,cricket
DRV_152,Z8,idle,8,cricket
DRV_153,Z5,idle,8,cricket
DRV_154,Z2,idle,8,cricket
DRV_155,Z3,idle,8,cricket
DRV_156,Z10,idle,8,cricket
DRV_157,Z4,idle,8,cricket
DRV_158,Z4,idle,8,cricket
DRV_159,Z6,idle,8,cricket
DRV_160,Z2,idle,8,cricket
DRV_161,Z2,idle,8,cricket
DRV_162,Z8,idle,8,cricket
DRV_163,Z5,idle,8,cricket
DRV_164,Z3,idle,8,cricket
DRV_165,Z10,idle,8,cricket
DRV_166,Z3,idle,8,cricket
DRV_167,Z7,idle,8,cricket
DRV_168,Z7,idle,8,cricket
DRV_169,Z1,idle,8,cricket
DRV_170,Z1,idle,8,cricket
DRV_171,Z8,idle,8,cricket
DRV_172,Z2,idle,8,cricket
DRV_173,Z2,idle,8,cricket
DRV_174,Z9,idle,8,cricket
DRV_175,Z6,idle,8,cricket
DRV_176,Z9,idle,8,cricket
DRV_177,Z9,idle,8,cricket
DRV_178,Z8,idle,8,cricket
DRV_179,Z1,idle,8,cricket
DRV_180,Z6,idle,8,cricket
DRV_181,Z3,idle,8,cricket
DRV_182,Z2,idle,8,cricket
DRV_183,Z5,idle,8,cricket
DRV_184,Z9,idle,8,cricket
DRV_185,Z10,idle,8,cricket
DRV_186,Z6,idle,8,cricket
DRV_187,Z6,idle,8,cricket
DRV_188,Z9,idle,8,cricket
DRV_189,Z6,idle,8,cricket
DRV_190,Z9,idle,8,cricket
DRV_191,Z5,idle,8,cricket
DRV_192,Z10,idle,8,cricket
DRV_193,Z8,idle,8,cricket
DRV_194,Z5,idle,8,cricket
DRV_195,Z2,idle,8,cricket
DRV_196,Z10,idle,8,cricket
DRV_197,Z1,idle,8,cricket
DRV_198,Z1,idle,8,cricket
DRV_199,Z1,idle,8,cricket
