scenario,zone,mean,std,min,max,weight_pct
monsoon,Z1,46.3,4.428317965096906,38,51,25.0
monsoon,Z2,40.5,4.364630568559039,36,49,20.0
monsoon,Z3,30.4,3.2,25,35,15.0
monsoon,Z4,20.8,3.1559467676119,17,27,10.0
monsoon,Z5,19.5,4.129164564412516,13,29,10.0
monsoon,Z6,10.9,1.8681541692269403,9,15,5.0
monsoon,Z7,10.5,3.0413812651491097,7,18,5.0
monsoon,Z8,5.8,2.2715633383201097,3,9,3.0
monsoon,Z9,9.1,2.1656407827707715,7,13,4.0
monsoon,Z10,6.2,1.661324772583615,3,9,3.0
cricket,Z1,18.1,3.23882694814033,13,22,10.0
cricket,Z2,18.6,2.90516780926679,14,23,10.0
cricket,Z3,19.6,3.1685959035509716,16,25,10.0
cricket,Z4,20.6,3.5832945734337835,12,25,10.0
cricket,Z5,19.0,2.32379000772445,16,23,10.0
cricket,Z6,21.3,3.4655446902326914,15,27,10.0
cricket,Z7,20.8,3.1559467676119,17,27,10.0
cricket,Z8,19.5,4.129164564412516,13,29,10.0
cricket,Z9,21.4,4.029888335921977,17,31,10.0
cricket,Z10,21.1,4.6141087980237305,15,30,10.0
poya,Z1,26.7,2.2825424421026654,24,31,15.0
poya,Z2,29.6,4.63033476111609,22,36,15.0
poya,Z3,24.1,3.477067730142742,15,27,12.0
poya,Z4,25.1,3.477067730142742,20,31,12.0
poya,Z5,23.9,3.9357337308308855,17,30,12.0
poya,Z6,19.9,4.3920382511995495,14,30,10.0
poya,Z7,20.0,4.024922359499621,14,27,10.0
poya,Z8,4.9,2.0223748416156684,2,9,2.0
poya,Z9,4.7,1.8466185312619388,2,8,2.0
poya,Z10,21.1,4.6141087980237305,15,30,10.0
