date,poya_name,poya_type,primary_zone,secondary_zone,demand_uplift_primary,demand_uplift_secondary,is_major_poya,expected_crowd_estimate,year,month,month_name,day_of_week
2023-01-06,Duruthu,standard,Z8,Z9,0.6,0.3,False,15000,2023,1,January,4
2023-02-05,Navam,standard,Z9,Z8,0.55,0.25,False,12000,2023,2,February,6
2023-03-07,Medin,standard,Z8,Z9,0.55,0.25,False,10000,2023,3,March,1
2023-04-06,Bak,standard,Z8,Z9,0.6,0.3,False,14000,2023,4,April,3
2023-05-05,Vesak,vesak,Z9,Z8,0.9,0.7,True,50000,2023,5,May,4
2023-06-04,Poson,poson,Z8,Z9,0.85,0.65,True,45000,2023,6,June,6
2023-07-03,Esala,standard,Z8,Z9,0.65,0.35,False,18000,2023,7,July,0
2023-08-01,Nikini,standard,Z8,Z9,0.6,0.3,False,14000,2023,8,August,1
2023-08-30,Binara,standard,Z8,Z9,0.6,0.3,False,12000,2023,8,August,2
2023-09-29,Vap,standard,Z8,Z9,0.6,0.3,False,13000,2023,9,September,4
2023-10-28,Il,standard,Z9,Z8,0.65,0.35,False,16000,2023,10,October,5
2023-11-27,Unduvap,standard,Z8,Z9,0.6,0.3,False,15000,2023,11,November,0
2023-12-26,Duruthu,standard,Z8,Z9,0.6,0.3,False,14000,2023,12,December,1
2024-01-25,Duruthu,standard,Z8,Z9,0.6,0.3,False,16000,2024,1,January,3
2024-02-24,Navam,standard,Z9,Z8,0.55,0.25,False,13000,2024,2,February,5
2024-03-25,Medin,standard,Z8,Z9,0.55,0.25,False,11000,2024,3,March,0
2024-04-23,Bak,standard,Z8,Z9,0.6,0.3,False,15000,2024,4,April,1
2024-05-23,Vesak,vesak,Z9,Z8,0.9,0.7,True,55000,2024,5,May,3
2024-06-21,Poson,poson,Z8,Z9,0.85,0.65,True,48000,2024,6,June,4
2024-07-21,Esala,standard,Z8,Z9,0.65,0.35,False,20000,2024,7,July,6
2024-08-19,Nikini,standard,Z8,Z9,0.6,0.3,False,14000,2024,8,August,0
2024-09-17,Binara,standard,Z8,Z9,0.6,0.3,False,13000,2024,9,September,1
2024-10-17,Vap,standard,Z8,Z9,0.6,0.3,False,14000,2024,10,October,3
2024-11-15,Il,standard,Z9,Z8,0.65,0.35,False,17000,2024,11,November,4
2024-12-15,Unduvap,standard,Z8,Z9,0.6,0.3,False,15000,2024,12,December,6
2025-01-13,Duruthu,standard,Z8,Z9,0.6,0.3,False,16000,2025,1,January,0
2025-02-12,Navam,standard,Z9,Z8,0.55,0.25,False,13000,2025,2,February,2
2025-03-13,Medin,standard,Z8,Z9,0.55,0.25,False,11000,2025,3,March,3
2025-04-12,Bak,standard,Z8,Z9,0.6,0.3,False,15000,2025,4,April,5
2025-05-12,Vesak,vesak,Z9,Z8,0.9,0.7,True,55000,2025,5,May,0
2025-06-11,Poson,poson,Z8,Z9,0.85,0.65,True,50000,2025,6,June,2
2025-07-10,Esala,standard,Z8,Z9,0.65,0.35,False,20000,2025,7,July,3
2025-08-09,Nikini,standard,Z8,Z9,0.6,0.3,False,14000,2025,8,August,5
2025-09-07,Binara,standard,Z8,Z9,0.6,0.3,False,13000,2025,9,September,6
2025-10-07,Vap,standard,Z8,Z9,0.6,0.3,False,14000,2025,10,October,1
2025-11-05,Il,standard,Z9,Z8,0.65,0.35,False,17000,2025,11,November,2
2025-12-04,Unduvap,standard,Z8,Z9,0.6,0.3,False,15000,2025,12,December,3
2026-01-03,Duruthu,standard,Z8,Z9,0.6,0.3,False,16000,2026,1,January,5
2026-02-01,Navam,standard,Z9,Z8,0.55,0.25,False,13000,2026,2,February,6
2026-03-03,Medin,standard,Z8,Z9,0.55,0.25,False,11000,2026,3,March,1
2026-04-01,Bak,standard,Z8,Z9,0.6,0.3,False,15000,2026,4,April,2
2026-05-01,Vesak,vesak,Z9,Z8,0.9,0.7,True,55000,2026,5,May,4
2026-05-31,Poson,poson,Z8,Z9,0.85,0.65,True,50000,2026,5,May,6
2026-06-29,Esala,standard,Z8,Z9,0.65,0.35,False,20000,2026,6,June,0
2026-07-29,Nikini,standard,Z8,Z9,0.6,0.3,False,14000,2026,7,July,2
2026-08-27,Binara,standard,Z8,Z9,0.6,0.3,False,13000,2026,8,August,3
2026-09-26,Vap,standard,Z8,Z9,0.6,0.3,False,14000,2026,9,September,5
2026-10-25,Il,standard,Z9,Z8,0.65,0.35,False,17000,2026,10,October,6
2026-11-24,Unduvap,standard,Z8,Z9,0.6,0.3,False,15000,2026,11,November,1
